name,date,join_time,leave_time,record_consent
Braiden,2020-12-10,18:59:16,20:52:38,yes
Beckham,2020-12-10,18:56:06,20:52:39,yes
Alice,2020-12-10,18:50:58,20:22:55,yes
Sherlyn,2020-12-10,18:53:53,20:52:39,yes
Donte,2020-12-10,18:57:15,20:52:39,yes
Ashlee,2020-12-10,19:02:12,20:52:37,yes
Emilia,2020-12-10,18:57:58,19:22:49,yes
Elise,2020-12-10,18:54:20,19:04:27,
Landon,2020-12-10,18:52:02,20:52:38,yes
Kale,2020-12-10,18:55:49,20:52:38,yes
Fiona,2020-12-10,18:58:21,20:52:37,yes
Estrella,2020-12-10,19:01:04,20:52:39,yes
Aimee,2020-12-10,19:00:58,20:52:39,yes
Jenny,2020-12-10,18:48:53,20:11:16,yes
Sammy,2020-12-10,18:58:39,20:52:39,yes
Damari,2020-12-10,19:24:37,19:43:45,yes
Nasir,2020-12-10,19:05:14,20:52:39,yes
Andre,2020-12-10,18:57:20,19:13:45,
Damari,2020-12-10,19:23:14,20:52:39,yes
Jenny,2020-12-10,20:12:17,20:52:39,
Aileen,2020-12-10,18:57:13,20:52:36,yes
Willow,2020-12-10,18:58:28,20:29:45,yes
Dayanara,2020-12-10,19:02:39,20:52:36,yes
Giovanny,2020-12-10,18:55:45,20:52:39,yes
Kamden,2020-12-10,18:55:42,18:59:37,
Patricia,2020-12-10,18:59:11,20:52:35,yes
Asa,2020-12-10,19:00:18,20:52:38,
Kolby,2020-12-10,18:59:31,20:52:37,yes
Kaila,2020-12-10,19:03:14,20:52:39,yes
Kendall,2020-12-10,18:59:21,20:52:38,yes
Braeden,2020-12-10,18:57:27,19:03:48,
Kendal,2020-12-10,18:58:42,20:52:38,yes
Kendall,2020-12-10,19:05:44,20:52:39,yes
Jaylynn,2020-12-10,18:58:47,20:52:39,yes
Gemma,2020-12-10,18:58:15,20:52:38,yes
Vivian,2020-12-10,18:59:43,20:52:38,yes
Mohammad,2020-12-10,20:26:16,20:52:36,
Parker,2020-12-10,18:55:45,20:52:39,yes
Alex,2020-12-10,19:04:31,20:52:38,yes
Sandra,2020-12-10,18:57:14,20:52:39,yes
Yosef,2020-12-10,18:56:18,20:52:38,yes
Jazmine,2020-12-10,18:54:40,20:52:38,yes
Tyrone,2020-12-10,19:00:31,20:52:35,yes
Yadira,2020-12-10,18:54:10,20:52:39,yes
Kendall,2020-12-10,18:50:10,19:04:23,
Nickolas,2020-12-10,19:38:26,20:52:37,
Mohammad,2020-12-10,18:52:59,20:26:07,yes
Jonathon,2020-12-10,18:50:31,20:52:39,yes
Camryn,2020-12-10,18:22:16,19:00:09,
Camryn,2020-12-10,18:21:40,18:21:48,
Chasity,2020-12-10,18:52:57,20:52:38,yes
Pamela,2020-12-10,18:59:32,20:52:39,yes
Axel,2020-12-10,18:53:15,20:52:39,yes
Landyn,2020-12-10,19:08:29,20:52:35,yes
Eileen,2020-12-10,18:58:34,20:52:39,yes
Carmen,2020-12-10,18:56:42,20:52:34,yes
Nathalie,2020-12-10,18:59:08,20:52:38,yes
Landyn,2020-12-10,18:59:14,19:08:41,
Enzo,2020-12-10,18:45:31,20:52:39,yes
Jaidyn,2020-12-10,18:54:49,20:52:39,yes
Chelsea,2020-12-10,18:59:32,20:52:35,yes
Ishaan,2020-12-10,19:03:51,20:52:36,yes
Selena,2020-12-10,18:54:13,20:52:35,yes
Alice,2020-12-10,20:22:56,20:52:39,
Clara,2020-12-10,18:29:22,20:52:38,yes
Blaine,2020-12-10,18:58:56,20:52:37,yes
Brooke,2020-12-10,19:01:59,20:52:39,yes
Angelo,2020-12-10,18:58:56,20:52:38,yes
Yahir,2020-12-10,18:58:04,20:52:39,yes
Yurem,2020-12-10,18:56:18,20:20:45,yes
Jacqueline,2020-12-10,18:47:19,20:52:39,yes
Ben,2020-12-10,18:54:38,20:52:38,yes
Jordin,2020-12-10,19:10:05,20:52:39,yes
Skye,2020-12-10,18:55:02,20:52:39,yes
Janelle,2020-12-10,19:02:02,20:52:18,yes
Elise,2020-12-10,19:04:37,20:52:39,yes
Quentin,2020-12-10,20:08:12,20:52:39,
Zaiden,2020-12-10,19:30:45,20:52:36,yes
Natalya,2020-12-10,18:55:03,20:52:39,yes
Kayleigh,2020-12-10,18:55:15,20:52:37,yes
Julian,2020-12-10,19:00:03,20:52:39,yes
Kailey,2020-12-10,18:48:11,20:52:38,yes
Alec,2020-12-10,18:53:57,20:52:38,yes
Dillan,2020-12-10,18:56:53,20:52:38,yes
Cora,2020-12-10,18:59:41,20:52:38,yes
Mckayla,2020-12-10,18:58:07,20:52:39,yes
Jaliyah,2020-12-10,18:56:39,20:52:35,yes
Andre,2020-12-10,19:13:16,20:52:36,yes
Nia,2020-12-10,18:50:52,20:52:39,yes
Quentin,2020-12-10,18:59:26,20:08:12,
Krista,2020-12-10,18:55:31,20:52:38,yes
Kash,2020-12-10,18:57:30,20:52:36,yes
Ryleigh,2020-12-10,18:55:24,20:52:37,yes
Diamond,2020-12-10,18:57:22,19:41:39,yes
Kamden,2020-12-10,19:00:01,20:52:39,yes
Dereon,2020-12-10,18:57:19,20:52:39,yes
Drew,2020-12-10,18:58:31,20:52:39,yes
Catalina,2020-12-10,19:01:11,20:52:39,yes
Immanuel,2020-12-10,19:00:04,20:52:37,yes
Alyvia,2020-12-10,18:59:49,20:52:39,yes
Bianca,2020-12-10,18:40:29,20:52:39,yes
Sheldon,2020-12-10,19:05:25,20:52:38,yes
Zaiden,2020-12-10,19:00:58,19:31:16,yes
Braeden,2020-12-10,19:25:54,20:52:39,yes
Allyson,2020-12-10,18:51:31,20:52:39,yes
Braeden,2020-12-10,19:10:51,19:11:24,
Selina,2020-12-10,18:51:44,20:52:39,yes
Cael,2020-12-10,19:14:36,20:52:35,yes
Helen,2020-12-10,18:59:33,20:52:39,yes
Luciano,2020-12-10,18:59:21,20:52:38,yes
Janiya,2020-12-10,19:00:22,20:52:38,yes
Skyler,2020-12-10,18:51:57,20:52:39,yes
Damari,2020-12-10,18:56:00,19:23:40,yes
Camryn,2020-12-10,18:59:34,20:52:39,yes
Gia,2020-12-10,18:55:32,20:52:38,yes
Emilia,2020-12-10,19:22:30,20:52:33,yes
Branson,2020-12-10,18:59:18,20:52:39,yes
Agustin,2020-12-10,18:58:30,20:52:42,yes
Markus,2020-12-10,18:59:05,20:52:34,yes
Angelique,2020-12-10,19:15:03,20:52:39,yes
Dwayne,2020-12-10,18:58:37,20:52:39,yes
Alicia,2020-12-10,18:54:41,20:52:39,yes
Nickolas,2020-12-10,18:58:35,19:34:26,yes
Briley,2020-12-10,18:21:45,20:52:39,yes
Jeremiah,2020-12-10,19:00:17,20:52:38,yes
Sharon,2020-12-10,18:54:31,20:52:39,yes
Jadon,2020-12-10,18:55:59,20:52:39,yes
Jaycee,2020-12-10,18:59:25,20:52:39,yes
Malik,2020-12-10,18:52:40,20:52:39,yes
Jazmine,2020-12-07,18:58:42,21:03:44,yes
Alice,2020-12-07,19:01:30,21:03:47,yes
Quentin,2020-12-07,19:37:51,21:18:53,yes
Blaine,2020-12-07,18:54:01,21:02:43,yes
Jaycee,2020-12-07,18:59:36,20:24:17,yes
Sherlyn,2020-12-07,19:01:49,21:18:24,yes
Ashlee,2020-12-07,19:01:42,21:02:50,yes
Alex,2020-12-07,19:21:31,21:02:12,yes
Vivian,2020-12-07,18:54:34,21:02:49,yes
Camryn,2020-12-07,18:56:49,21:18:48,yes
Mckayla,2020-12-07,18:58:07,21:03:26,yes
Andre,2020-12-07,18:49:15,21:03:54,yes
Parker,2020-12-07,18:54:54,21:12:57,yes
Skyler,2020-12-07,18:53:10,21:02:45,yes
Dayanara,2020-12-07,19:05:46,21:03:37,yes
Markus,2020-12-07,20:04:26,21:01:42,yes
Kayleigh,2020-12-07,18:51:11,21:02:14,yes
Julian,2020-12-07,18:55:00,21:09:10,yes
Malik,2020-12-07,18:46:02,21:03:50,yes
Layne,2020-12-07,18:55:54,19:48:04,yes
Damari,2020-12-07,19:00:58,21:01:54,yes
Kolby,2020-12-07,19:51:41,21:01:46,
Skye,2020-12-07,18:54:16,21:02:52,yes
Pamela,2020-12-07,18:59:07,21:03:13,yes
Kash,2020-12-07,18:54:26,21:03:02,yes
Fiona,2020-12-07,19:00:29,21:02:16,yes
Zaiden,2020-12-07,18:52:35,21:01:55,yes
Mina,2020-12-07,18:56:12,21:01:56,yes
Nasir,2020-12-07,19:00:12,21:02:13,yes
Agustin,2020-12-07,19:04:07,19:25:59,yes
Kendall,2020-12-07,18:57:38,21:03:00,yes
Braeden,2020-12-07,18:56:25,21:02:04,yes
Immanuel,2020-12-07,19:01:06,21:04:37,yes
Allyson,2020-12-07,18:53:10,21:02:55,yes
Agustin,2020-12-07,18:57:27,19:04:21,
Estrella,2020-12-07,19:00:35,21:04:17,yes
Nathalie,2020-12-07,18:59:07,21:02:16,yes
Kolby,2020-12-07,18:57:36,19:43:13,yes
Brooke,2020-12-07,19:03:24,21:04:52,yes
Cora,2020-12-07,19:00:37,21:03:59,yes
Jordin,2020-12-07,18:55:45,21:12:09,yes
Branson,2020-12-07,18:59:11,21:02:58,yes
Asa,2020-12-07,19:01:12,21:02:57,
Nickolas,2020-12-07,18:46:40,21:04:04,yes
Jaycee,2020-12-07,20:28:08,20:29:56,yes
Dwayne,2020-12-07,18:58:55,21:17:55,yes
Jaycee,2020-12-07,20:29:28,20:30:56,
Jadon,2020-12-07,19:01:15,21:03:11,yes
Guillermo,2020-12-07,19:00:38,19:51:10,yes
Dereon,2020-12-07,18:56:35,21:03:09,yes
Brooke,2020-12-07,18:59:26,19:03:15,
Helen,2020-12-07,18:59:18,21:02:47,yes
Angelo,2020-12-07,18:56:51,21:06:25,yes
Gia,2020-12-07,18:54:58,18:55:54,
Landon,2020-12-07,18:59:32,21:02:03,yes
Kale,2020-12-07,19:00:13,21:02:37,yes
Donte,2020-12-07,18:58:58,21:04:31,yes
Briley,2020-12-07,18:57:10,21:02:46,yes
Dwayne,2020-12-07,19:03:26,21:18:03,yes
Agustin,2020-12-07,20:21:24,21:03:32,
Kaila,2020-12-07,19:12:28,21:01:54,yes
Gemma,2020-12-07,19:01:55,21:02:50,yes
Jaidyn,2020-12-07,19:01:49,21:03:51,yes
Sandra,2020-12-07,19:55:57,21:09:20,
Cael,2020-12-07,19:01:28,21:01:28,yes
Elise,2020-12-07,19:33:33,21:01:59,yes
Natalya,2020-12-07,19:00:00,21:01:47,yes
Agustin,2020-12-07,19:26:26,20:21:19,
Kendall,2020-12-07,18:59:35,21:18:55,yes
Eileen,2020-12-07,18:56:19,21:03:24,yes
Yahir,2020-12-07,18:54:47,21:02:49,yes
Abbey,2020-12-07,18:56:49,21:08:19,yes
Jacqueline,2020-12-07,18:58:37,21:03:50,yes
Sandra,2020-12-07,18:55:39,19:51:57,yes
Jeremiah,2020-12-07,18:57:22,21:02:43,yes
Catalina,2020-12-07,19:01:00,21:02:22,yes
Janiya,2020-12-07,18:58:55,21:18:56,yes
Drew,2020-12-07,18:47:44,21:03:11,yes
Aileen,2020-12-07,18:57:00,21:03:23,yes
Chasity,2020-12-07,18:56:29,21:02:47,yes
Bianca,2020-12-07,19:00:14,21:20:15,yes
Kyla,2020-12-07,18:54:18,21:02:40,yes
Alec,2020-12-07,18:49:26,21:02:42,yes
Jaylynn,2020-12-07,18:59:35,21:04:04,yes
Gia,2020-12-07,18:57:22,21:02:25,yes
Aimee,2020-12-07,19:00:18,21:18:59,yes
Layne,2020-12-07,20:11:57,21:02:56,yes
Ben,2020-12-07,18:55:54,21:05:42,yes
Journey,2020-12-07,18:57:35,21:04:31,yes
Yurem,2020-12-07,19:21:37,02:34:32,
Quentin,2020-12-07,18:56:19,19:37:44,
Nia,2020-12-07,18:56:12,21:02:59,yes
Angelique,2020-12-07,19:00:03,21:02:58,yes
Braiden,2020-12-07,18:55:44,21:12:32,yes
Jonathon,2020-12-07,18:50:39,21:01:59,yes
Yurem,2020-12-07,18:53:32,19:21:23,yes
Jenny,2020-12-07,18:51:07,21:03:00,yes
Sheldon,2020-12-07,18:58:57,21:02:47,yes
Yadira,2020-12-07,18:52:43,21:02:15,yes
Ryleigh,2020-12-07,18:55:22,21:02:13,yes
Axel,2020-12-07,18:44:10,21:02:12,yes
Kailey,2020-12-07,18:54:55,21:03:50,yes
Krista,2020-12-07,19:01:01,21:13:02,yes
Alex,2020-12-07,18:52:07,19:21:19,yes
Kamden,2020-12-07,18:58:20,21:02:40,yes
Markus,2020-12-07,18:56:00,19:06:13,yes
Landyn,2020-12-07,18:59:20,21:02:43,yes
Giovanny,2020-12-07,18:58:34,21:03:26,yes
Chelsea,2020-12-07,18:56:32,21:02:15,yes
Tyrone,2020-12-07,18:59:17,21:03:02,yes
Alicia,2020-12-07,19:00:27,21:02:03,yes
Patricia,2020-12-07,18:53:49,21:02:48,yes
Mohammad,2020-12-07,18:57:43,21:02:45,yes
Alyvia,2020-12-07,19:00:56,21:04:16,yes
Kolby,2020-12-07,19:44:06,19:51:24,yes
Sammy,2020-12-07,19:00:10,21:18:41,yes
Beckham,2020-12-07,18:59:41,21:02:57,yes
Jaycee,2020-12-07,20:33:50,21:02:31,yes
Kristina,2020-12-07,18:58:53,19:28:46,yes
Nancy,2020-12-07,18:57:53,21:02:40,yes
Sandra,2020-12-07,19:53:13,20:04:33,yes
Luciano,2020-12-07,18:59:15,21:02:19,yes
Angelo,2020-12-07,18:56:36,18:56:38,
Quentin,2020-12-07,18:50:39,18:50:57,
Yosef,2020-12-07,18:56:52,21:08:07,yes
Enzo,2020-12-07,18:59:12,21:03:48,yes
Jeremiah,2020-12-17,18:59:04,21:15:25,yes
Eileen,2020-12-17,19:01:03,21:19:28,yes
Tony,2020-12-17,19:02:09,19:03:24,
Dayanara,2020-12-17,19:02:06,19:03:46,
Dereon,2020-12-17,18:47:11,21:17:10,yes
Carmen,2020-12-17,18:57:57,21:09:47,yes
Kale,2020-12-17,18:54:09,21:11:00,yes
Nasir,2020-12-17,19:40:02,21:10:40,yes
Natalya,2020-12-17,18:57:53,21:10:06,yes
Damari,2020-12-17,19:12:10,21:10:11,
Jazmine,2020-12-17,18:52:40,21:11:16,yes
Kendall,2020-12-17,18:54:21,21:10:10,yes
Damari,2020-12-17,19:09:43,19:12:02,yes
Yosef,2020-12-17,18:50:09,21:15:28,yes
Brooke,2020-12-17,19:01:09,19:04:05,
Landon,2020-12-17,18:58:28,21:10:00,yes
Willow,2020-12-17,19:04:09,20:26:48,yes
Dayanara,2020-12-17,19:06:24,19:11:07,yes
Mohammad,2020-12-17,18:55:42,21:08:29,yes
Malik,2020-12-17,18:56:18,21:12:34,yes
Damari,2020-12-17,19:00:47,19:10:22,yes
Yadira,2020-12-17,18:57:55,21:10:15,yes
Alec,2020-12-17,19:08:20,21:10:23,yes
Selina,2020-12-17,18:53:26,21:14:17,yes
Pamela,2020-12-17,18:59:40,21:11:05,yes
Gemma,2020-12-17,18:59:07,21:10:23,yes
Sandra,2020-12-17,18:55:27,21:13:48,yes
Kayleigh,2020-12-17,18:55:35,21:12:09,yes
Tony,2020-12-17,19:03:44,19:20:26,yes
Dayanara,2020-12-17,20:20:39,21:09:40,
Elise,2020-12-17,18:58:45,21:11:12,yes
Parker,2020-12-17,18:51:56,21:10:21,yes
Donte,2020-12-17,18:58:16,21:11:12,yes
Skyler,2020-12-17,18:52:30,21:10:12,yes
Allyson,2020-12-17,18:53:21,21:10:46,yes
Asa,2020-12-17,19:03:16,19:09:30,yes
Vivian,2020-12-17,18:55:47,21:10:10,yes
Nasir,2020-12-17,19:06:06,19:39:50,yes
Agustin,2020-12-17,21:01:47,21:10:10,yes
Nickolas,2020-12-17,18:52:14,18:53:48,
Aileen,2020-12-17,19:00:58,20:22:35,yes
Patricia,2020-12-17,18:53:16,21:10:08,yes
Chelsea,2020-12-17,19:29:05,21:12:06,yes
Brooke,2020-12-17,19:04:14,19:04:49,yes
Blaine,2020-12-17,18:55:01,21:10:08,yes
Dayanara,2020-12-17,19:11:08,20:20:39,
Ben,2020-12-17,18:51:52,21:19:03,yes
Kyla,2020-12-17,18:56:52,21:10:18,yes
Helen,2020-12-17,19:01:08,19:12:53,yes
Tony,2020-12-17,19:01:25,19:01:44,
Jaylynn,2020-12-17,19:01:41,21:10:27,yes
Skye,2020-12-17,18:55:42,21:10:20,yes
Yurem,2020-12-17,18:58:26,21:10:09,yes
Agustin,2020-12-17,21:00:18,21:01:59,
Cora,2020-12-17,18:56:38,21:19:31,yes
Bianca,2020-12-17,18:52:10,21:19:31,yes
Nickolas,2020-12-17,18:54:16,21:10:08,yes
Tyrone,2020-12-17,19:01:40,21:10:11,yes
Declan,2020-12-17,18:59:20,19:01:52,
Enzo,2020-12-17,19:00:25,21:11:03,yes
Brooke,2020-12-17,19:00:28,19:04:39,
Angelo,2020-12-17,18:55:18,21:14:32,yes
Dayanara,2020-12-17,19:05:41,19:06:01,
Alyvia,2020-12-17,19:01:01,21:10:15,yes
Landyn,2020-12-17,18:55:16,21:10:08,yes
Mohammad,2020-12-17,21:12:42,21:12:57,
Jadon,2020-12-17,18:59:49,21:11:07,yes
Ashlee,2020-12-17,19:00:53,21:11:11,yes
Dayanara,2020-12-17,21:09:41,21:19:39,
Braiden,2020-12-17,20:05:06,21:10:16,yes
Agustin,2020-12-17,18:59:28,20:01:40,yes
Fiona,2020-12-17,19:01:45,21:10:05,yes
Sammy,2020-12-17,18:57:41,21:11:06,yes
Aimee,2020-12-17,19:00:44,21:10:40,yes
Catalina,2020-12-17,19:00:37,21:10:10,yes
Jaliyah,2020-12-17,18:57:32,21:10:05,yes
Sheldon,2020-12-17,19:00:13,21:09:57,yes
Ryleigh,2020-12-17,19:00:45,21:10:03,yes
Diamond,2020-12-17,19:05:12,21:10:06,yes
Immanuel,2020-12-17,19:02:22,19:06:23,yes
Dwayne,2020-12-17,18:48:45,21:10:09,yes
Ishaan,2020-12-17,19:02:52,20:01:55,yes
Yahir,2020-12-17,18:57:43,21:10:12,yes
Sherlyn,2020-12-17,19:01:50,21:19:31,yes
Agustin,2020-12-17,20:01:41,21:00:29,
Gia,2020-12-17,18:54:03,21:10:12,yes
Jaidyn,2020-12-17,18:54:58,21:11:11,yes
Andre,2020-12-17,18:56:53,21:10:11,yes
Janiya,2020-12-17,18:58:19,21:11:05,yes
Janelle,2020-12-17,19:00:20,21:09:56,yes
Quentin,2020-12-17,19:01:15,21:19:31,yes
Kaila,2020-12-17,19:00:47,21:10:12,yes
Journey,2020-12-17,18:56:30,21:10:11,yes
Aileen,2020-12-17,20:22:35,21:10:08,
Krista,2020-12-17,18:59:24,21:11:18,yes
Dayanara,2020-12-17,19:06:02,19:06:03,
Alex,2020-12-17,18:56:13,21:09:58,yes
Camryn,2020-12-17,18:59:17,21:19:22,yes
Kash,2020-12-17,18:56:03,21:14:31,yes
Donte,2020-12-17,18:57:09,18:58:05,
Luciano,2020-12-17,18:59:26,21:10:12,yes
Jordin,2020-12-17,19:01:57,21:10:03,yes
Branson,2020-12-17,18:59:56,21:10:35,yes
Briley,2020-12-17,18:40:31,21:10:08,yes
Nia,2020-12-17,18:57:36,21:11:02,yes
Kamden,2020-12-17,18:58:44,21:10:00,yes
Drew,2020-12-17,18:58:44,21:10:14,yes
Estrella,2020-12-17,18:58:21,21:10:14,yes
Tony,2020-12-17,19:00:14,19:00:32,
Chasity,2020-12-17,18:58:28,21:10:25,yes
Asa,2020-12-17,19:12:25,21:11:17,yes
Kendal,2020-12-17,19:00:05,21:10:15,yes
Immanuel,2020-12-17,19:07:16,21:10:09,
Agustin,2020-12-17,21:01:34,21:01:46,
Sharon,2020-12-17,18:53:48,21:11:04,yes
Dillan,2020-12-17,18:57:18,19:43:11,yes
Kailey,2020-12-17,18:55:38,21:10:59,yes
Alice,2020-12-17,18:59:53,21:19:19,yes
Beckham,2020-12-17,18:59:18,19:23:58,yes
Jaycee,2020-12-17,18:59:56,21:10:57,yes
Giovanny,2020-12-17,18:56:36,21:17:14,yes
Chelsea,2020-12-17,19:15:23,19:28:22,yes
Selena,2020-12-17,18:49:35,21:15:18,yes
Brooke,2020-12-17,19:04:56,21:19:31,
Julian,2020-12-17,18:58:47,21:14:02,yes
Kendall,2020-12-17,18:55:48,21:19:22,yes
Axel,2020-12-17,18:40:19,21:10:13,yes
Tony,2020-12-17,18:57:54,18:58:51,
Jonathon,2020-12-17,18:53:52,21:10:00,yes
Declan,2020-12-17,19:03:19,19:04:36,yes
Jenny,2020-12-17,18:52:04,21:10:18,yes
Yadira,2020-12-23,18:53:14,21:05:46,yes
Vivian,2020-12-23,19:00:15,21:05:49,yes
Natalya,2020-12-23,18:55:59,21:05:51,yes
Immanuel,2020-12-23,19:04:24,21:05:44,yes
Cael,2020-12-23,19:01:24,19:45:15,yes
Chasity,2020-12-23,19:00:12,20:38:45,yes
Jaliyah,2020-12-23,18:53:11,21:05:54,yes
Declan,2020-12-23,19:08:33,19:09:35,yes
Dereon,2020-12-23,18:52:13,21:09:11,yes
Tony,2020-12-23,18:53:33,18:53:57,
Donte,2020-12-23,18:57:49,21:05:48,yes
Ishaan,2020-12-23,19:03:20,20:43:33,yes
Enzo,2020-12-23,19:06:04,21:05:57,
Blaine,2020-12-23,18:55:50,21:05:46,yes
Carmen,2020-12-23,18:57:11,21:13:49,yes
Cora,2020-12-23,19:14:10,19:25:03,
Branson,2020-12-23,18:58:35,21:05:52,yes
Nasir,2020-12-23,19:01:20,20:30:47,yes
Malik,2020-12-23,18:49:58,21:05:45,yes
Eileen,2020-12-23,18:55:48,21:09:14,yes
Kyla,2020-12-23,18:57:18,21:05:47,yes
Camryn,2020-12-23,19:09:12,21:09:12,yes
Kamden,2020-12-23,19:05:35,21:05:44,yes
Keira,2020-12-23,19:26:11,21:05:48,yes
Kaila,2020-12-23,19:00:22,21:05:48,yes
Jaylynn,2020-12-23,18:56:27,21:06:31,yes
Agustin,2020-12-23,19:14:43,21:05:40,yes
Chasity,2020-12-23,20:41:18,21:05:52,yes
Selina,2020-12-23,18:51:22,21:13:05,yes
Janiya,2020-12-23,20:42:14,21:06:57,
Allyson,2020-12-23,18:50:41,21:06:03,yes
Skye,2020-12-23,18:55:45,21:06:08,yes
Drew,2020-12-23,18:48:30,21:05:52,yes
Alec,2020-12-23,18:51:11,21:05:51,yes
Parker,2020-12-23,18:52:25,21:05:59,yes
Catalina,2020-12-23,19:00:43,21:05:53,yes
Sherlyn,2020-12-23,18:54:13,21:09:11,yes
Dayanara,2020-12-23,19:01:58,21:05:51,yes
Ben,2020-12-23,18:59:18,21:05:51,yes
Jonathon,2020-12-23,18:52:37,21:06:01,yes
Kendall,2020-12-23,18:53:52,21:09:12,yes
Kailey,2020-12-23,19:00:50,19:01:29,
Nasir,2020-12-23,20:30:48,20:31:40,
Nickolas,2020-12-23,19:01:48,21:05:46,yes
Gemma,2020-12-23,18:59:48,21:05:49,yes
Sammy,2020-12-23,19:01:22,21:06:12,yes
Landyn,2020-12-23,18:59:34,21:06:09,yes
Jenny,2020-12-23,18:53:59,21:05:57,yes
Briley,2020-12-23,18:48:46,19:39:38,yes
Alice,2020-12-23,18:58:35,21:09:08,yes
Kale,2020-12-23,18:53:52,21:05:46,yes
Pamela,2020-12-23,18:59:36,21:05:49,yes
Camryn,2020-12-23,18:52:42,19:00:55,
Jaidyn,2020-12-23,19:00:44,21:05:45,yes
Jaycee,2020-12-23,19:01:49,21:05:44,yes
Kailey,2020-12-23,19:01:42,21:13:17,yes
Skyler,2020-12-23,18:54:22,21:05:54,yes
Journey,2020-12-23,20:18:40,21:05:45,
Krista,2020-12-23,18:57:52,21:05:51,yes
Kendal,2020-12-23,19:03:29,21:05:51,yes
Tyrone,2020-12-23,19:00:47,21:05:46,yes
Diamond,2020-12-23,19:08:06,19:40:57,yes
Ryleigh,2020-12-23,19:02:42,21:05:56,yes
Alyvia,2020-12-23,19:02:04,21:06:03,yes
Elise,2020-12-23,19:04:21,21:06:28,yes
Janelle,2020-12-23,18:49:13,21:05:42,yes
Janiya,2020-12-23,18:57:52,20:42:07,yes
Willow,2020-12-23,19:00:46,20:19:18,yes
Axel,2020-12-23,18:56:25,21:05:49,yes
Nasir,2020-12-23,20:33:14,21:00:38,
Jazmine,2020-12-23,18:59:58,21:05:46,yes
Fiona,2020-12-23,18:58:51,21:05:52,yes
Jadon,2020-12-23,19:00:33,21:09:12,yes
Cael,2020-12-23,19:53:48,21:05:42,yes
Kash,2020-12-23,18:59:09,21:07:57,yes
Cora,2020-12-23,20:28:08,21:05:48,yes
Aimee,2020-12-23,19:00:18,21:05:45,yes
Giovanny,2020-12-23,18:56:39,21:05:44,yes
Kendall,2020-12-23,18:55:26,21:05:54,yes
Mohammad,2020-12-23,18:51:22,21:09:22,yes
Yurem,2020-12-23,19:02:26,21:05:59,yes
Emilia,2020-12-23,18:56:35,21:05:49,yes
Angelique,2020-12-23,18:57:37,21:05:56,yes
Kayleigh,2020-12-23,19:00:04,20:42:54,yes
Andre,2020-12-23,18:54:03,21:05:48,yes
Ashlee,2020-12-23,19:00:32,21:05:43,yes
Beckham,2020-12-23,19:00:46,21:05:45,yes
Angelo,2020-12-23,19:00:30,21:05:50,yes
Agustin,2020-12-23,19:00:52,19:15:22,
Briley,2020-12-23,19:41:45,21:05:58,yes
Luciano,2020-12-23,18:59:21,21:05:49,yes
Layne,2020-12-23,19:06:46,21:06:21,yes
Tony,2020-12-23,18:57:00,21:05:58,yes
Yosef,2020-12-23,18:54:21,21:05:57,yes
Aileen,2020-12-23,18:57:42,21:05:40,yes
Keira,2020-12-23,19:02:24,19:21:12,yes
Sharon,2020-12-23,18:56:31,21:05:44,yes
Cora,2020-12-23,19:09:45,19:13:37,yes
Sandra,2020-12-23,18:57:18,21:06:13,yes
Estrella,2020-12-23,18:56:36,21:06:00,yes
Braiden,2020-12-23,19:01:04,21:05:58,yes
Dwayne,2020-12-23,18:58:17,21:05:53,yes
Julian,2020-12-23,18:59:43,21:09:15,yes
Selena,2020-12-23,18:55:40,21:09:11,yes
Enzo,2020-12-23,19:02:31,19:06:04,yes
Damari,2020-12-23,18:59:01,21:06:02,yes
Alex,2020-12-23,19:01:50,21:05:55,yes
Journey,2020-12-23,18:57:54,20:18:05,yes
Quentin,2020-12-23,19:02:07,21:06:04,yes
Bianca,2020-12-23,19:03:30,21:09:15,yes
Nia,2020-12-23,18:57:50,21:05:47,yes
Landon,2020-12-23,18:59:13,21:06:15,yes
Brooke,2020-12-23,19:00:09,21:09:11,yes
Diamond,2020-12-23,19:41:38,19:58:47,
Sheldon,2020-12-23,19:02:33,21:05:55,yes
Blaine,2020-12-21,18:58:51,21:12:31,yes
Skyler,2020-12-21,18:55:12,21:12:32,yes
Chelsea,2020-12-21,19:53:06,21:05:26,yes
Ben,2020-12-21,20:45:26,21:12:33,yes
Ryleigh,2020-12-21,18:59:45,21:12:28,yes
Kale,2020-12-21,18:50:02,21:12:31,yes
Dwayne,2020-12-21,18:56:17,21:12:46,yes
Kendal,2020-12-21,18:58:52,21:13:44,yes
Jaidyn,2020-12-21,20:20:23,21:14:35,yes
Braiden,2020-12-21,18:56:23,21:12:33,yes
Sharon,2020-12-21,18:53:18,21:14:27,yes
Alicia,2020-12-21,19:11:27,21:12:28,yes
Elise,2020-12-21,18:57:58,21:12:28,yes
Alyvia,2020-12-21,19:01:26,21:12:51,yes
Chelsea,2020-12-21,21:06:30,21:06:48,yes
Angelique,2020-12-21,19:23:42,21:12:36,yes
Donte,2020-12-21,18:56:01,21:12:34,yes
Landon,2020-12-21,20:56:14,21:02:32,yes
Jazmine,2020-12-21,18:57:00,21:12:28,yes
Kayleigh,2020-12-21,20:24:39,21:00:11,yes
Landyn,2020-12-21,18:57:14,21:12:29,yes
Ashlee,2020-12-21,19:00:06,21:12:32,yes
Jadon,2020-12-21,18:58:10,19:23:24,yes
Briley,2020-12-21,18:46:36,21:12:51,yes
Sandra,2020-12-21,18:57:12,21:12:56,yes
Axel,2020-12-21,18:53:35,21:12:32,yes
Keira,2020-12-21,19:18:15,21:13:10,yes
Sammy,2020-12-21,18:58:45,21:12:39,yes
Kendall,2020-12-21,20:16:49,21:12:37,yes
Bianca,2020-12-21,19:15:58,21:15:06,yes
Kamden,2020-12-21,19:03:22,21:12:33,yes
Kendall,2020-12-21,18:58:22,21:14:32,yes
Kayleigh,2020-12-21,18:56:45,20:24:46,yes
Aimee,2020-12-21,19:03:05,21:12:30,yes
Tony,2020-12-21,18:57:56,19:10:27,yes
Angelo,2020-12-21,18:52:42,21:12:58,yes
Brooke,2020-12-21,18:56:54,21:14:29,yes
Kendall,2020-12-21,18:51:05,19:13:53,
Pamela,2020-12-21,19:00:21,21:12:50,yes
Agustin,2020-12-21,18:58:50,20:49:32,yes
Alicia,2020-12-21,19:01:07,19:11:40,yes
Alice,2020-12-21,18:56:35,21:14:27,yes
Aileen,2020-12-21,18:59:17,21:12:30,yes
Yosef,2020-12-21,18:53:37,21:12:38,yes
Kyla,2020-12-21,18:57:17,21:12:32,yes
Damari,2020-12-21,19:01:46,21:12:28,yes
Mohammad,2020-12-21,19:36:38,21:12:27,
Abbey,2020-12-21,19:25:50,21:12:31,yes
Landon,2020-12-21,18:57:19,19:36:52,yes
Jaliyah,2020-12-21,18:52:57,21:12:29,yes
Diamond,2020-12-21,19:20:15,21:12:36,yes
Andre,2020-12-21,18:54:51,21:12:31,yes
Mckayla,2020-12-21,18:50:49,21:12:34,yes
Jaidyn,2020-12-21,18:57:51,20:16:54,yes
Estrella,2020-12-21,18:56:05,21:12:31,yes
Zaiden,2020-12-21,18:55:21,21:14:01,yes
Landon,2020-12-21,19:37:45,20:56:30,
Journey,2020-12-21,18:59:59,21:12:31,yes
Parker,2020-12-21,18:47:57,21:12:27,yes
Ishaan,2020-12-21,18:59:30,20:52:30,yes
Chelsea,2020-12-21,21:07:04,21:12:34,
Jonathon,2020-12-21,18:49:05,21:12:33,yes
Willow,2020-12-21,18:59:46,20:46:10,yes
Alec,2020-12-21,18:54:59,21:12:34,yes
Allyson,2020-12-21,18:52:29,21:12:34,yes
Camryn,2020-12-21,18:59:05,21:12:34,yes
Carmen,2020-12-21,18:56:59,21:12:25,yes
Selena,2020-12-21,18:57:42,21:14:04,yes
Kendall,2020-12-21,18:58:33,19:12:04,yes
Alex,2020-12-21,18:55:25,21:12:33,yes
Asa,2020-12-21,19:08:28,21:12:35,yes
Dereon,2020-12-21,18:55:53,21:14:22,yes
Mohammad,2020-12-21,19:02:07,19:05:59,
Cora,2020-12-21,19:00:50,21:13:36,yes
Agustin,2020-12-21,20:49:32,21:13:59,
Sammy,2020-12-21,18:37:37,18:37:37,
Chasity,2020-12-21,18:55:53,21:12:43,yes
Drew,2020-12-21,18:55:45,21:14:07,yes
Eileen,2020-12-21,18:54:53,21:14:41,yes
Yadira,2020-12-21,18:56:14,21:12:36,yes
Fiona,2020-12-21,18:59:54,21:12:33,yes
Giovanny,2020-12-21,18:56:53,21:14:21,yes
Krista,2020-12-21,18:58:53,21:15:09,yes
Yahir,2020-12-21,19:00:56,21:12:29,yes
Malik,2020-12-21,18:52:14,21:12:34,yes
Kaila,2020-12-21,19:04:18,21:14:51,yes
Dayanara,2020-12-21,18:52:16,21:12:38,yes
Sandra,2020-12-21,21:13:05,21:13:21,
Jadon,2020-12-21,20:21:07,21:13:49,
Kash,2020-12-21,18:53:06,21:13:08,yes
Jaylynn,2020-12-21,18:57:55,21:13:57,yes
Jeremiah,2020-12-21,18:58:05,21:12:31,yes
Patricia,2020-12-21,18:57:30,21:12:32,yes
Sandra,2020-12-21,21:13:29,21:14:58,
Quentin,2020-12-21,19:50:12,21:14:13,
Sherlyn,2020-12-21,19:01:02,21:14:23,yes
Branson,2020-12-21,18:58:46,21:12:36,yes
Luciano,2020-12-21,19:00:07,21:12:30,yes
Jaycee,2020-12-21,19:01:41,21:13:57,yes
Ben,2020-12-21,19:39:17,19:43:49,yes
Catalina,2020-12-21,19:04:48,21:12:35,yes
Mohammad,2020-12-21,19:05:59,19:36:38,yes
Enzo,2020-12-21,18:50:15,21:12:35,yes
Nickolas,2020-12-21,18:57:48,21:12:31,yes
Selina,2020-12-21,19:00:15,21:15:09,yes
Kailey,2020-12-21,19:02:21,21:15:07,yes
Landon,2020-12-21,21:03:02,21:12:27,
Vivian,2020-12-21,18:58:17,21:12:31,yes
Sheldon,2020-12-21,18:57:32,21:12:33,yes
Natalya,2020-12-21,19:00:54,21:12:33,yes
Blaine,2020-12-21,18:56:45,18:59:18,
Julian,2020-12-21,18:54:08,21:14:54,yes
Skye,2020-12-21,18:55:44,21:12:33,yes
Ben,2020-12-21,19:43:50,20:44:35,
Nasir,2020-12-21,18:59:21,21:12:33,yes
Ben,2020-12-21,18:38:56,19:37:44,yes
Mohammad,2020-12-21,19:01:24,19:02:22,
Jenny,2020-12-21,18:52:42,20:18:11,
Quentin,2020-12-21,19:20:36,19:50:11,yes
Nia,2020-12-21,18:53:04,21:12:40,yes
Tyrone,2020-12-21,19:00:55,21:12:30,yes
Gemma,2020-12-21,18:59:44,21:12:34,yes
Abbey,2020-12-21,19:05:44,19:25:52,yes
Jenny,2020-12-21,20:17:59,21:14:00,yes
Jadon,2020-12-21,19:23:10,20:20:24,yes
Tony,2020-12-21,18:56:52,18:57:17,
Braeden,2020-12-21,18:56:55,21:12:32,yes
Nia,2020-12-30,18:55:23,21:14:50,yes
Bianca,2020-12-30,19:02:01,20:15:08,yes
Quentin,2020-12-30,19:04:15,19:05:41,
Parker,2020-12-30,18:46:52,21:09:06,yes
Donte,2020-12-30,18:52:12,21:11:56,yes
Angelo,2020-12-30,19:01:09,21:14:46,yes
Alice,2020-12-30,18:49:45,21:30:01,yes
Krista,2020-12-30,18:58:37,21:30:23,yes
Jadon,2020-12-30,18:46:08,19:56:28,yes
Ryleigh,2020-12-30,19:06:27,21:11:46,
Ben,2020-12-30,18:47:46,21:30:17,yes
Cora,2020-12-30,20:10:49,21:14:03,yes
Dwayne,2020-12-30,21:06:44,21:26:08,yes
Keira,2020-12-30,19:13:18,21:11:36,yes
Alex,2020-12-30,18:59:03,21:11:36,yes
Kyla,2020-12-30,18:59:35,21:11:43,yes
Braiden,2020-12-30,18:59:16,21:12:23,yes
Layne,2020-12-30,19:19:56,19:30:38,yes
Branson,2020-12-30,19:00:21,21:21:30,yes
Cael,2020-12-30,19:11:44,21:11:43,yes
Kash,2020-12-30,18:49:55,21:11:56,yes
Gemma,2020-12-30,18:58:35,21:11:53,yes
Helen,2020-12-30,19:01:28,21:11:41,yes
Kailey,2020-12-30,18:57:51,21:30:24,yes
Luciano,2020-12-30,19:00:07,21:11:42,yes
Angelo,2020-12-30,19:00:43,19:01:02,
Elise,2020-12-30,19:45:41,21:12:08,yes
Kendall,2020-12-30,18:57:43,21:13:10,yes
Kaila,2020-12-30,19:02:10,21:11:38,yes
Pamela,2020-12-30,19:00:17,21:12:12,yes
Aileen,2020-12-30,18:56:47,21:04:30,yes
Sheldon,2020-12-30,19:03:43,21:11:29,yes
Kale,2020-12-30,18:54:42,21:11:42,yes
Ashlee,2020-12-30,19:42:12,21:12:43,yes
Catalina,2020-12-30,19:01:24,21:11:41,yes
Drew,2020-12-30,19:11:16,21:15:46,yes
Mohammad,2020-12-30,18:55:21,19:20:51,yes
Tony,2020-12-30,18:59:15,21:11:45,yes
Markus,2020-12-30,19:16:36,21:11:42,yes
Dereon,2020-12-30,18:50:07,21:30:03,yes
Nickolas,2020-12-30,19:13:06,21:09:08,yes
Nasir,2020-12-30,18:59:11,21:30:35,yes
Sherlyn,2020-12-30,18:59:39,21:11:55,yes
Briley,2020-12-30,18:45:47,20:37:42,yes
Damari,2020-12-30,19:04:35,21:11:40,yes
Estrella,2020-12-30,18:56:22,21:11:51,yes
Dwayne,2020-12-30,18:51:43,21:08:18,yes
Chasity,2020-12-30,19:00:39,21:11:49,yes
Layne,2020-12-30,19:35:35,21:30:24,yes
Sammy,2020-12-30,18:57:59,21:30:45,yes
Zaiden,2020-12-30,18:56:23,21:17:41,yes
Jaylynn,2020-12-30,19:57:11,20:02:33,yes
Skye,2020-12-30,18:56:33,21:11:52,yes
Sandra,2020-12-30,18:53:47,21:12:36,yes
Elise,2020-12-30,18:56:22,19:44:44,yes
Emilia,2020-12-30,19:00:16,21:08:41,yes
Julian,2020-12-30,19:00:32,21:26:30,yes
Kamden,2020-12-30,18:58:29,21:11:04,yes
Yadira,2020-12-30,18:52:15,21:11:39,yes
Jaycee,2020-12-30,19:01:32,21:11:41,yes
Ryleigh,2020-12-30,19:00:32,19:06:05,yes
Markus,2020-12-30,19:00:42,19:16:51,yes
Tyrone,2020-12-30,19:04:24,19:16:21,yes
Eileen,2020-12-30,18:57:19,21:11:42,yes
Allyson,2020-12-30,18:58:06,21:11:54,yes
Sandra,2020-12-30,18:50:43,18:50:57,
Agustin,2020-12-30,18:51:24,21:11:51,yes
Jonathon,2020-12-30,18:55:29,21:11:43,yes
Mckayla,2020-12-30,18:58:42,21:11:38,yes
Immanuel,2020-12-30,19:01:27,21:11:37,yes
Kendall,2020-12-30,18:56:36,21:30:25,yes
Ashlee,2020-12-30,18:56:26,19:41:40,yes
Janiya,2020-12-30,18:58:46,21:30:35,yes
Yosef,2020-12-30,18:54:38,21:30:00,yes
Fiona,2020-12-30,19:21:50,21:06:40,yes
Patricia,2020-12-30,18:58:09,21:12:15,yes
Jeremiah,2020-12-30,18:53:36,21:18:37,yes
Brooke,2020-12-30,18:58:44,21:30:27,yes
Enzo,2020-12-30,18:55:52,21:23:54,yes
Mohammad,2020-12-30,19:21:14,21:11:41,
Diamond,2020-12-30,19:14:04,19:14:48,yes
Angelique,2020-12-30,19:04:02,21:12:01,yes
Jazmine,2020-12-30,18:58:55,21:11:39,yes
Jazmine,2020-12-30,18:57:36,18:58:45,
Quentin,2020-12-30,18:59:58,19:04:09,yes
Alec,2020-12-30,18:56:29,21:11:40,yes
Giovanny,2020-12-30,18:56:03,21:09:32,yes
Jaylynn,2020-12-30,20:03:32,21:32:20,
Jadon,2020-12-30,20:07:28,21:13:03,
Carmen,2020-12-30,18:58:04,21:04:51,yes
Sharon,2020-12-30,18:56:50,21:23:13,yes
Jaliyah,2020-12-30,18:48:20,21:11:43,yes
Quentin,2020-12-30,19:05:19,21:31:30,yes
Andre,2020-12-30,19:02:23,21:11:38,yes
Blaine,2020-12-30,18:57:17,21:11:49,yes
Axel,2020-12-30,18:57:58,21:11:40,yes
Malik,2020-12-30,18:56:15,21:12:02,yes
Landyn,2020-12-30,18:56:30,21:11:42,yes
Abbey,2020-12-30,19:13:32,21:10:29,yes
Selina,2020-12-30,18:57:56,21:29:44,yes
Briley,2020-12-30,20:38:23,21:16:22,
Jenny,2020-12-30,19:06:21,21:11:59,yes
Landon,2020-12-30,19:10:50,21:05:35,yes
Fiona,2020-12-30,19:01:09,19:22:21,yes
Layne,2020-12-30,19:30:46,19:34:31,yes
Blaine,2020-12-30,18:54:47,18:57:00,
Natalya,2020-12-30,18:59:07,21:11:43,yes
Jaidyn,2020-12-30,18:58:19,21:13:51,yes
Bianca,2020-12-30,20:17:52,21:48:09,yes
Jadon,2020-12-30,19:56:28,20:07:16,
Quentin,2020-12-30,18:59:24,18:59:35,
Yurem,2020-12-30,19:00:58,21:30:25,yes
Aimee,2020-12-30,19:01:18,21:16:57,yes
Kendal,2020-12-30,18:59:10,21:27:02,yes
Camryn,2020-12-30,18:57:19,21:30:24,yes
Gia,2020-12-14,18:45:53,21:06:08,yes
Alec,2020-12-14,18:55:43,21:05:58,yes
Alice,2020-12-14,18:54:15,19:28:07,yes
Cora,2020-12-14,19:01:10,19:01:10,
Yadira,2020-12-14,18:28:07,21:05:55,yes
Tyrone,2020-12-14,19:00:15,21:05:55,yes
Braiden,2020-12-14,19:00:19,21:06:29,yes
Julian,2020-12-14,18:55:55,21:11:53,yes
Zaiden,2020-12-14,18:59:56,19:09:34,yes
Cora,2020-12-14,19:05:55,21:06:28,yes
Camryn,2020-12-14,18:56:18,21:06:24,yes
Cael,2020-12-14,19:10:38,21:06:01,yes
Alicia,2020-12-14,19:00:17,20:06:54,yes
Kendal,2020-12-14,18:56:51,21:07:26,yes
Jaliyah,2020-12-14,18:56:15,21:05:59,yes
Ben,2020-12-14,19:47:27,21:05:57,yes
Alex,2020-12-14,18:58:02,21:05:53,yes
Mckayla,2020-12-14,18:47:59,21:05:58,yes
Aileen,2020-12-14,18:59:11,21:05:57,yes
Landyn,2020-12-14,18:56:27,21:05:54,yes
Quentin,2020-12-14,19:01:55,20:33:48,yes
Jaycee,2020-12-14,19:00:03,21:05:54,yes
Journey,2020-12-14,18:59:49,21:06:02,yes
Dwayne,2020-12-14,18:54:18,21:06:18,yes
Chelsea,2020-12-14,19:06:09,21:06:33,yes
Nickolas,2020-12-14,18:55:36,20:38:14,yes
Alicia,2020-12-14,20:08:59,21:03:05,
Eileen,2020-12-14,19:19:19,21:12:21,yes
Patricia,2020-12-14,18:53:32,21:06:01,yes
Jadon,2020-12-14,18:57:42,20:05:06,yes
Aimee,2020-12-14,19:00:50,21:06:26,yes
Tony,2020-12-14,18:53:26,19:04:14,
Andre,2020-12-14,18:55:23,21:05:57,yes
Skyler,2020-12-14,18:52:21,18:52:56,
Jeremiah,2020-12-14,18:54:24,21:09:00,yes
Jordin,2020-12-14,18:55:54,21:05:58,yes
Nasir,2020-12-14,18:57:56,21:13:14,yes
Estrella,2020-12-14,18:50:41,21:06:31,yes
Alice,2020-12-14,19:28:07,21:13:20,
Braeden,2020-12-14,18:57:49,21:07:18,yes
Jadon,2020-12-14,20:06:27,21:06:26,yes
Briley,2020-12-14,18:31:23,18:32:26,
Willow,2020-12-14,19:38:53,19:41:05,yes
Alyvia,2020-12-14,19:01:05,21:06:36,yes
Gemma,2020-12-14,18:59:22,21:06:01,yes
Sharon,2020-12-14,18:55:44,21:06:01,yes
Luciano,2020-12-14,19:00:47,21:06:01,yes
Brooke,2020-12-14,18:53:55,21:13:26,yes
Dillan,2020-12-14,18:49:48,21:05:53,yes
Kailey,2020-12-14,18:54:49,21:06:22,yes
Angelo,2020-12-14,18:58:25,21:06:19,yes
Dayanara,2020-12-14,18:59:34,21:06:22,yes
Selena,2020-12-14,18:55:29,21:06:53,yes
Alicia,2020-12-14,20:08:08,20:08:59,yes
Willow,2020-12-14,19:42:23,20:01:00,yes
Blaine,2020-12-14,18:52:05,18:53:58,
Chasity,2020-12-14,20:31:26,21:05:57,yes
Catalina,2020-12-14,19:00:18,21:05:59,yes
Jonathon,2020-12-14,18:53:57,21:05:57,yes
Blaine,2020-12-14,18:54:04,18:55:45,
Enzo,2020-12-14,18:56:29,21:06:00,yes
Janiya,2020-12-14,18:58:22,21:06:22,yes
Sherlyn,2020-12-14,19:00:27,21:06:04,yes
Kayleigh,2020-12-14,18:53:29,18:53:50,
Giovanny,2020-12-14,18:59:15,21:06:40,yes
Sandra,2020-12-14,18:55:56,21:13:23,yes
Ashlee,2020-12-14,19:00:04,21:06:01,yes
Jacqueline,2020-12-14,18:58:50,21:13:26,yes
Carmen,2020-12-14,19:04:54,21:05:52,yes
Kamden,2020-12-14,18:55:21,21:05:54,yes
Axel,2020-12-14,18:54:02,21:05:55,yes
Immanuel,2020-12-14,19:01:29,21:05:59,yes
Skyler,2020-12-14,18:53:05,21:05:58,yes
Drew,2020-12-14,18:57:22,21:06:04,yes
Jaylynn,2020-12-14,18:59:18,21:05:56,yes
Donte,2020-12-14,18:56:08,21:06:01,yes
Jonathon,2020-12-14,18:44:15,18:44:23,
Natalya,2020-12-14,18:56:26,21:06:37,yes
Jazmine,2020-12-14,18:54:53,21:05:57,yes
Dereon,2020-12-14,18:54:57,18:55:22,
Parker,2020-12-14,18:55:07,21:06:03,yes
Jaidyn,2020-12-14,19:00:57,21:06:03,yes
Damari,2020-12-14,19:23:32,21:06:04,yes
Briley,2020-12-14,18:29:35,18:30:46,
Kendall,2020-12-14,18:57:16,21:13:18,yes
Chasity,2020-12-14,18:54:52,20:30:29,yes
Kash,2020-12-14,18:59:39,21:05:56,yes
Blaine,2020-12-14,19:01:58,21:06:02,yes
Skye,2020-12-14,19:00:32,21:06:28,yes
Kale,2020-12-14,18:44:55,21:05:55,yes
Sammy,2020-12-14,18:56:21,21:13:24,yes
Cora,2020-12-14,19:00:07,19:01:09,
Angelique,2020-12-14,19:00:25,21:06:27,yes
Jenny,2020-12-14,18:52:10,21:13:26,yes
Asa,2020-12-14,18:57:03,21:06:56,
Willow,2020-12-14,20:04:27,21:06:10,yes
Kendall,2020-12-14,18:57:47,21:10:54,yes
Damari,2020-12-14,19:05:15,19:23:51,yes
Mohammad,2020-12-14,18:56:31,21:06:28,yes
Yurem,2020-12-14,19:00:23,21:06:00,yes
Kyla,2020-12-14,19:00:04,21:05:57,yes
Declan,2020-12-14,19:00:13,19:42:15,yes
Pamela,2020-12-14,19:00:09,21:06:01,yes
Agustin,2020-12-14,18:58:33,21:05:58,yes
Bianca,2020-12-14,18:55:36,21:13:23,yes
Nickolas,2020-12-14,20:37:43,21:05:50,yes
Elise,2020-12-14,19:00:46,21:05:53,yes
Kaila,2020-12-14,19:00:46,21:05:54,yes
Krista,2020-12-14,18:57:52,21:06:04,yes
Kendall,2020-12-14,18:52:40,18:52:43,
Janelle,2020-12-14,19:13:30,21:05:54,yes
Selina,2020-12-14,18:54:09,21:11:52,yes
Branson,2020-12-14,18:58:25,21:06:25,yes
Cora,2020-12-14,19:01:14,19:05:57,
Cael,2020-12-14,19:03:30,19:04:37,
Sheldon,2020-12-14,21:03:51,21:05:53,
Fiona,2020-12-14,18:59:14,21:05:55,yes
Helen,2020-12-14,19:00:41,20:03:03,yes
Allyson,2020-12-14,18:48:05,21:06:00,yes
Nia,2020-12-14,18:54:57,21:05:58,yes
Vivian,2020-12-14,18:57:23,21:05:56,yes
Dereon,2020-12-14,18:55:49,21:05:52,yes
Tony,2020-12-14,18:51:22,18:51:43,
Diamond,2020-12-14,18:54:45,21:05:55,yes
Emilia,2020-12-14,18:55:42,21:06:03,yes
Briley,2020-12-14,18:30:22,18:31:22,
Kayleigh,2020-12-14,18:59:37,21:06:18,yes
Landon,2020-12-14,18:59:34,21:02:52,yes
Sheldon,2020-12-14,19:00:49,21:03:47,yes
Quentin,2020-12-14,20:33:59,21:13:27,
Malik,2020-12-14,18:51:13,21:05:58,yes
Blaine,2020-12-14,18:55:44,19:02:29,
Yosef,2020-12-14,18:55:47,21:07:09,yes
Jadon,2020-12-14,20:05:52,20:06:17,
Ryleigh,2020-12-14,18:57:51,21:05:59,yes
Sharon,2020-12-28,18:55:37,21:35:28,yes
Damari,2020-12-28,19:00:25,21:35:26,yes
Camryn,2020-12-28,18:55:11,21:14:39,yes
Kendall,2020-12-28,18:57:19,21:35:36,yes
Braeden,2020-12-28,19:31:57,21:15:18,yes
Dereon,2020-12-28,18:52:13,18:56:42,
Natalya,2020-12-28,18:55:12,21:35:16,yes
Jazmine,2020-12-28,18:58:19,21:16:01,yes
Luciano,2020-12-28,18:59:24,21:21:09,yes
Jonathon,2020-12-28,18:53:28,21:35:22,yes
Kailey,2020-12-28,18:52:26,21:35:25,yes
Dereon,2020-12-28,18:57:01,21:35:30,yes
Alice,2020-12-28,18:52:10,21:34:04,yes
Malik,2020-12-28,18:47:40,21:35:29,yes
Yadira,2020-12-28,18:57:17,21:21:06,yes
Selina,2020-12-28,18:43:08,21:35:19,yes
Markus,2020-12-28,19:00:33,19:02:01,
Carmen,2020-12-28,18:57:52,21:21:22,yes
Kendal,2020-12-28,19:00:32,21:35:29,yes
Nickolas,2020-12-28,19:00:33,21:17:35,yes
Quentin,2020-12-28,19:10:35,21:35:50,yes
Giovanny,2020-12-28,18:55:25,21:35:23,yes
Fiona,2020-12-28,19:02:43,21:14:57,yes
Agustin,2020-12-28,19:26:36,19:28:11,
Willow,2020-12-28,19:02:59,20:47:08,yes
Jaylynn,2020-12-28,18:55:57,21:35:42,yes
Cael,2020-12-28,18:47:41,21:20:05,yes
Kendall,2020-12-28,18:58:11,21:35:22,yes
Julian,2020-12-28,19:03:37,21:35:40,yes
Catalina,2020-12-28,18:59:00,21:16:44,yes
Kayleigh,2020-12-28,19:02:32,20:55:29,yes
Jeremiah,2020-12-28,18:56:33,21:35:27,yes
Jaidyn,2020-12-28,18:55:02,21:35:24,yes
Kash,2020-12-28,19:07:21,19:09:41,
Branson,2020-12-28,18:59:14,21:35:22,yes
Landon,2020-12-28,21:04:26,21:14:18,
Sherlyn,2020-12-28,19:00:35,21:21:16,yes
Allyson,2020-12-28,18:59:37,21:15:38,yes
Kash,2020-12-28,19:05:25,19:06:11,
Dwayne,2020-12-28,21:22:26,21:35:42,
Jenny,2020-12-28,19:01:53,19:08:05,
Chasity,2020-12-28,18:57:10,21:14:33,yes
Ben,2020-12-28,19:04:26,19:04:59,
Quentin,2020-12-28,19:00:47,19:05:48,
Brooke,2020-12-28,18:56:16,21:35:30,yes
Angelique,2020-12-28,18:59:10,21:16:14,yes
Mckayla,2020-12-28,18:51:16,18:57:10,
Kash,2020-12-28,19:17:30,21:35:30,
Jaycee,2020-12-28,19:01:19,21:16:32,yes
Mohammad,2020-12-28,18:56:45,21:35:33,yes
Jaliyah,2020-12-28,18:56:10,21:18:54,yes
Donte,2020-12-28,18:52:18,21:16:09,yes
Tyrone,2020-12-28,19:01:06,21:14:08,yes
Yurem,2020-12-28,19:00:36,21:35:21,yes
Kash,2020-12-28,19:15:31,19:16:23,yes
Briley,2020-12-28,18:53:56,21:21:45,
Emilia,2020-12-28,18:49:46,21:09:17,yes
Ben,2020-12-28,19:03:27,19:04:25,
Bianca,2020-12-28,18:55:18,21:35:35,yes
Nia,2020-12-28,18:54:55,19:03:06,
Angelo,2020-12-28,18:59:09,21:35:23,yes
Sammy,2020-12-28,18:57:39,21:35:35,yes
Immanuel,2020-12-28,21:13:41,21:35:18,
Enzo,2020-12-28,18:51:32,21:35:23,yes
Ben,2020-12-28,19:06:15,19:07:04,
Andre,2020-12-28,18:55:29,21:16:08,yes
Jenny,2020-12-28,19:08:43,21:35:38,
Blaine,2020-12-28,18:55:10,18:55:21,
Agustin,2020-12-28,18:54:53,19:24:39,yes
Blaine,2020-12-28,18:55:33,21:14:14,yes
Drew,2020-12-28,19:01:51,21:35:24,yes
Quentin,2020-12-28,19:06:26,19:10:51,
Sharon,2020-12-28,18:52:32,18:55:22,
Parker,2020-12-28,18:59:15,21:22:41,yes
Mckayla,2020-12-28,19:00:22,21:14:10,yes
Ben,2020-12-28,18:59:02,19:01:46,
Yosef,2020-12-28,18:56:31,21:35:27,yes
Diamond,2020-12-28,19:04:00,21:20:37,yes
Ben,2020-12-28,19:07:05,19:09:46,
Alec,2020-12-28,18:50:23,21:35:27,yes
Landon,2020-12-28,20:02:47,21:03:39,
Braiden,2020-12-28,18:58:19,21:35:22,yes
Lucy,2020-12-28,19:01:44,21:26:28,yes
Skye,2020-12-28,18:55:46,21:19:27,yes
Kash,2020-12-28,19:10:05,19:15:49,yes
Agustin,2020-12-28,19:28:27,21:17:29,
Ben,2020-12-28,19:12:04,19:16:37,yes
Landyn,2020-12-28,18:57:54,21:18:56,yes
Sheldon,2020-12-28,18:58:42,21:14:22,yes
Nia,2020-12-28,19:03:23,19:44:50,yes
Yurem,2020-12-28,19:11:51,21:35:26,yes
Nasir,2020-12-28,18:59:13,21:33:55,yes
Layne,2020-12-28,19:18:33,21:20:38,yes
Journey,2020-12-28,18:58:51,21:28:11,yes
Eileen,2020-12-28,19:02:12,21:23:08,yes
Dwayne,2020-12-28,18:54:16,19:33:58,yes
Axel,2020-12-28,18:46:58,21:18:52,yes
Kyla,2020-12-28,18:54:22,21:15:50,yes
Mckayla,2020-12-28,18:57:25,19:00:47,
Tony,2020-12-28,18:55:26,18:56:03,
Cora,2020-12-28,18:59:23,21:18:25,yes
Estrella,2020-12-28,18:58:31,21:35:47,yes
Agustin,2020-12-28,19:25:32,19:26:20,
Briley,2020-12-28,18:42:35,18:43:45,
Landon,2020-12-28,19:01:14,20:01:58,yes
Chelsea,2020-12-28,19:32:11,19:33:28,yes
Jadon,2020-12-28,18:56:06,21:35:25,yes
Dwayne,2020-12-28,19:33:58,19:58:47,
Pamela,2020-12-28,19:00:28,21:22:21,yes
Selena,2020-12-28,20:18:51,21:35:41,
Tony,2020-12-28,19:01:14,19:12:13,
Elise,2020-12-28,19:14:01,21:20:44,yes
Immanuel,2020-12-28,19:01:22,21:11:34,yes
Sammy,2020-12-28,18:56:53,18:57:24,
Ben,2020-12-28,19:05:26,19:06:15,
Aileen,2020-12-28,18:57:54,21:20:00,yes
Sandra,2020-12-28,18:54:06,21:35:31,yes
Helen,2020-12-28,19:00:42,21:14:23,yes
Ashlee,2020-12-28,19:00:32,21:29:59,yes
Ben,2020-12-28,19:16:37,21:27:49,
Kale,2020-12-28,18:48:39,21:21:37,yes
Patricia,2020-12-28,18:51:57,21:29:36,yes
Dayanara,2020-12-28,18:58:28,21:35:35,yes
Ben,2020-12-28,19:01:59,19:03:26,
Selena,2020-12-28,18:53:43,20:17:54,yes
Chelsea,2020-12-28,19:33:39,21:16:25,
Kash,2020-12-28,18:58:10,19:04:45,
Aimee,2020-12-28,19:00:58,21:16:24,yes
Dwayne,2020-12-28,19:58:48,21:22:00,
Vivian,2020-12-28,18:52:56,21:20:33,yes
Kamden,2020-12-28,18:57:06,21:26:19,yes
Krista,2020-12-28,18:55:08,21:35:28,yes
Elise,2020-12-28,19:00:09,19:04:06,
Yahir,2020-12-28,19:01:41,21:17:09,yes
Nia,2020-12-28,19:44:50,21:35:26,
